{"cameraMode":{"drawMode":0,"name":"Shaded","section":"Shading Mode"},"sceneLighting":true,"audioPlay":false,"sceneViewState":{"showFog":true,"showMaterialUpdate":false,"showSkybox":false,"showFlares":true,"showImageEffects":true,"showParticleSystems":true},"in2DMode":false,"pivot":{"x":238.4879913330078,"y":-196.7521514892578,"z":314.5357971191406},"rotation":{"x":0.21173955500125886,"y":0.3123959004878998,"z":-0.07132377475500107,"w":0.923406720161438},"size":227.84616088867188,"orthographic":false}