{"cameraMode":{"drawMode":0,"name":"Shaded","section":"Shading Mode"},"sceneLighting":true,"audioPlay":false,"sceneViewState":{"showFog":true,"showMaterialUpdate":false,"showSkybox":false,"showFlares":true,"showImageEffects":true,"showParticleSystems":true},"in2DMode":false,"pivot":{"x":-198.5869140625,"y":-372.9175109863281,"z":-156.2700653076172},"rotation":{"x":0.2016196846961975,"y":-0.7974415421485901,"z":0.4216918647289276,"w":0.38185063004493716},"size":232.8489227294922,"orthographic":false}