{"cameraMode":{"drawMode":0,"name":"Shaded","section":"Shading Mode"},"sceneLighting":true,"audioPlay":false,"sceneViewState":{"showFog":true,"showMaterialUpdate":false,"showSkybox":false,"showFlares":true,"showImageEffects":true,"showParticleSystems":true},"in2DMode":false,"pivot":{"x":71.79255676269531,"y":78.39911651611328,"z":-499.0018310546875},"rotation":{"x":-0.004878641106188297,"y":0.9946687817573547,"z":0.07747148722410202,"w":0.0699114128947258},"size":257.8381042480469,"orthographic":false}