{"cameraMode":{"drawMode":0,"name":"Shaded","section":"Shading Mode"},"sceneLighting":true,"audioPlay":false,"sceneViewState":{"showFog":true,"showMaterialUpdate":false,"showSkybox":false,"showFlares":true,"showImageEffects":true,"showParticleSystems":true},"in2DMode":false,"pivot":{"x":23.77446746826172,"y":-185.67568969726563,"z":31.131732940673829},"rotation":{"x":0.5693610906600952,"y":0.3551205098628998,"z":-0.29401907324790957,"w":0.6810358166694641},"size":113.48397827148438,"orthographic":false}