{"cameraMode":{"drawMode":0,"name":"Shaded","section":"Shading Mode"},"sceneLighting":true,"audioPlay":false,"sceneViewState":{"showFog":true,"showMaterialUpdate":false,"showSkybox":false,"showFlares":true,"showImageEffects":true,"showParticleSystems":true},"in2DMode":false,"pivot":{"x":-118.39009857177735,"y":-352.0561218261719,"z":-349.67645263671877},"rotation":{"x":-0.059680841863155368,"y":0.9160706400871277,"z":-0.3673752546310425,"w":-0.1502666026353836},"size":258.66943359375,"orthographic":false}