{"cameraMode":{"drawMode":0,"name":"Shaded","section":"Shading Mode"},"sceneLighting":true,"audioPlay":false,"sceneViewState":{"showFog":true,"showMaterialUpdate":false,"showSkybox":false,"showFlares":true,"showImageEffects":true,"showParticleSystems":true},"in2DMode":false,"pivot":{"x":-153.1506805419922,"y":-367.8375244140625,"z":227.55038452148438},"rotation":{"x":0.43017271161079409,"y":-0.26193007826805117,"z":0.13241131603717805,"w":0.8538365364074707},"size":232.8489227294922,"orthographic":false}