{"cameraMode":{"drawMode":0,"name":"Shaded","section":"Shading Mode"},"sceneLighting":true,"audioPlay":false,"sceneViewState":{"showFog":true,"showMaterialUpdate":false,"showSkybox":false,"showFlares":true,"showImageEffects":true,"showParticleSystems":true},"in2DMode":false,"pivot":{"x":62.7479248046875,"y":-8.682003021240235,"z":16.479228973388673},"rotation":{"x":0.06300613284111023,"y":0.6105270981788635,"z":-0.04885660856962204,"w":0.7880340218544006},"size":35.475704193115237,"orthographic":false}