{"cameraMode":{"drawMode":0,"name":"Shaded","section":"Shading Mode"},"sceneLighting":true,"audioPlay":false,"sceneViewState":{"showFog":true,"showMaterialUpdate":false,"showSkybox":false,"showFlares":true,"showImageEffects":true,"showParticleSystems":true},"in2DMode":false,"pivot":{"x":-45.43973922729492,"y":-36.42778015136719,"z":-66.4575424194336},"rotation":{"x":0.06260994076728821,"y":-0.9318539500236511,"z":0.19454525411128999,"w":0.2999931573867798},"size":47.8958625793457,"orthographic":false}