{"cameraMode":{"drawMode":0,"name":"Shaded","section":"Shading Mode"},"sceneLighting":true,"audioPlay":false,"sceneViewState":{"showFog":true,"showMaterialUpdate":false,"showSkybox":false,"showFlares":true,"showImageEffects":true,"showParticleSystems":true},"in2DMode":false,"pivot":{"x":-55.400150299072269,"y":-106.74880981445313,"z":54.08488464355469},"rotation":{"x":0.38526451587677,"y":-0.3073332607746124,"z":0.1401921957731247,"w":0.8590649366378784},"size":58.31486892700195,"orthographic":false}