{"cameraMode":{"drawMode":0,"name":"Shaded","section":"Shading Mode"},"sceneLighting":true,"audioPlay":false,"sceneViewState":{"showFog":true,"showMaterialUpdate":false,"showSkybox":false,"showFlares":true,"showImageEffects":true,"showParticleSystems":true},"in2DMode":false,"pivot":{"x":69.31455993652344,"y":-47.20934295654297,"z":-37.603843688964847},"rotation":{"x":-0.13689468801021577,"y":-0.8312004208564758,"z":0.23432566225528718,"w":-0.48538222908973696},"size":55.18845748901367,"orthographic":false}