{"cameraMode":{"drawMode":0,"name":"Shaded","section":"Shading Mode"},"sceneLighting":false,"audioPlay":false,"sceneViewState":{"showFog":true,"showMaterialUpdate":false,"showSkybox":false,"showFlares":true,"showImageEffects":true,"showParticleSystems":true},"in2DMode":false,"pivot":{"x":-6.712880611419678,"y":-8.787261009216309,"z":3.3235323429107668},"rotation":{"x":0.26282334327697756,"y":-0.7280427813529968,"z":0.375156432390213,"w":0.5100418925285339},"size":25.28850555419922,"orthographic":false}