{"cameraMode":{"drawMode":0,"name":"Shaded","section":"Shading Mode"},"sceneLighting":true,"audioPlay":false,"sceneViewState":{"showFog":true,"showMaterialUpdate":false,"showSkybox":false,"showFlares":true,"showImageEffects":true,"showParticleSystems":true},"in2DMode":false,"pivot":{"x":68.14081573486328,"y":-0.07299375534057617,"z":-73.74339294433594},"rotation":{"x":0.004173990339040756,"y":-0.9319456815719605,"z":-0.010920345783233643,"w":-0.36259981989860537},"size":60.63478469848633,"orthographic":false}