{"cameraMode":{"drawMode":0,"name":"Shaded","section":"Shading Mode"},"sceneLighting":true,"audioPlay":false,"sceneViewState":{"showFog":true,"showMaterialUpdate":false,"showSkybox":false,"showFlares":true,"showImageEffects":true,"showParticleSystems":true},"in2DMode":false,"pivot":{"x":31.711946487426759,"y":-397.01171875,"z":246.59339904785157},"rotation":{"x":0.4852004051208496,"y":0.046537596732378009,"z":-0.02564045786857605,"w":0.8729053139686585},"size":232.8489227294922,"orthographic":false}